seed,subset,accuracy,weighted_f1,precision,recall,false_positive_count,false_negative_count,true_positive_count,true_negative_count,confusion_matrix,fit_seconds,predict_seconds,predict_microseconds_per_sample
0,Mobility Only (5 features),0.74,0.646571,0.635837,0.74,14,246,6,734,"[[734, 14], [246, 6]]",0.518532,0.010289,10.289416
0,Network Only (6 features),0.742,0.644285,0.631862,0.742,10,248,4,738,"[[738, 10], [248, 4]]",0.41295,0.012473,12.473
0,Trust Only (3 features),0.953,0.954106,0.958983,0.953,44,3,249,704,"[[704, 44], [3, 249]]",0.150243,0.00539,5.39025
0,Mobility + Network (11 features),0.746,0.642842,0.643871,0.746,4,250,2,744,"[[744, 4], [250, 2]]",0.71131,0.010687,10.686958
0,Mobility + Network + Trust (Proposed 14 features),0.953,0.954106,0.958983,0.953,44,3,249,704,"[[704, 44], [3, 249]]",0.295029,0.005553,5.553208
0,Post-Hoc Attack Counters (Leakage 4 features),0.667,0.64928,0.636333,0.667,134,199,53,614,"[[614, 134], [199, 53]]",0.151556,0.010248,10.248083
0,Proposed + Leakage (18 features),1.0,1.0,1.0,1.0,0,0,252,748,"[[748, 0], [0, 252]]",0.221712,0.004486,4.485709
1,Mobility Only (5 features),0.738,0.642186,0.615096,0.738,14,248,4,734,"[[734, 14], [248, 4]]",0.506211,0.01083,10.8305
1,Network Only (6 features),0.738,0.643853,0.622473,0.738,15,247,5,733,"[[733, 15], [247, 5]]",0.434436,0.011832,11.831708
1,Trust Only (3 features),0.95,0.95125,0.956799,0.95,47,3,249,701,"[[701, 47], [3, 249]]",0.122593,0.005113,5.11275
1,Mobility + Network (11 features),0.747,0.643348,0.66086,0.747,3,250,2,745,"[[745, 3], [250, 2]]",0.594804,0.010164,10.164042
1,Mobility + Network + Trust (Proposed 14 features),0.952,0.953291,0.95968,0.952,48,0,252,700,"[[700, 48], [0, 252]]",0.270351,0.005322,5.321583
1,Post-Hoc Attack Counters (Leakage 4 features),0.676,0.657777,0.645029,0.676,128,196,56,620,"[[620, 128], [196, 56]]",0.148648,0.01025,10.25025
1,Proposed + Leakage (18 features),1.0,1.0,1.0,1.0,0,0,252,748,"[[748, 0], [0, 252]]",0.22709,0.004967,4.966709
2,Mobility Only (5 features),0.742,0.64929,0.6492,0.742,13,245,7,735,"[[735, 13], [245, 7]]",0.515401,0.010932,10.932292
2,Network Only (6 features),0.74,0.643236,0.62248,0.74,12,248,4,736,"[[736, 12], [248, 4]]",0.396168,0.011178,11.177792
2,Trust Only (3 features),0.94,0.94167,0.948748,0.94,55,5,247,693,"[[693, 55], [5, 247]]",0.122975,0.005081,5.080792
2,Mobility + Network (11 features),0.746,0.641028,0.622498,0.746,3,251,1,745,"[[745, 3], [251, 1]]",0.577339,0.010259,10.258542
2,Mobility + Network + Trust (Proposed 14 features),0.942,0.943772,0.952283,0.942,57,1,251,691,"[[691, 57], [1, 251]]",0.270923,0.005484,5.484334
2,Post-Hoc Attack Counters (Leakage 4 features),0.708,0.688503,0.677504,0.708,107,185,67,641,"[[641, 107], [185, 67]]",0.147831,0.009902,9.902208
2,Proposed + Leakage (18 features),1.0,1.0,1.0,1.0,0,0,252,748,"[[748, 0], [0, 252]]",0.237763,0.004767,4.766833
3,Mobility Only (5 features),0.731,0.640117,0.604784,0.731,22,247,5,726,"[[726, 22], [247, 5]]",0.460466,0.010684,10.68425
3,Network Only (6 features),0.74,0.641527,0.613103,0.74,11,249,3,737,"[[737, 11], [249, 3]]",0.403041,0.01077,10.769875
3,Trust Only (3 features),0.949,0.950097,0.954269,0.949,44,7,245,704,"[[704, 44], [7, 245]]",0.119267,0.005025,5.025416
3,Mobility + Network (11 features),0.74,0.63623,0.557984,0.74,8,252,0,740,"[[740, 8], [252, 0]]",0.589063,0.010223,10.223292
3,Mobility + Network + Trust (Proposed 14 features),0.953,0.954152,0.959437,0.953,45,2,250,703,"[[703, 45], [2, 250]]",0.267484,0.005401,5.401042
3,Post-Hoc Attack Counters (Leakage 4 features),0.698,0.682231,0.671913,0.698,119,183,69,629,"[[629, 119], [183, 69]]",0.14422,0.009926,9.926125
3,Proposed + Leakage (18 features),0.998,0.997997,0.998005,0.998,0,2,250,748,"[[748, 0], [2, 250]]",0.229875,0.004964,4.96375
4,Mobility Only (5 features),0.741,0.645449,0.634166,0.741,12,247,5,736,"[[736, 12], [247, 5]]",0.46796,0.010581,10.58075
4,Network Only (6 features),0.739,0.650819,0.645192,0.739,18,243,9,730,"[[730, 18], [243, 9]]",0.394299,0.010578,10.5775
4,Trust Only (3 features),0.963,0.96372,0.96696,0.963,35,2,250,713,"[[713, 35], [2, 250]]",0.118069,0.005167,5.167208
4,Mobility + Network (11 features),0.742,0.639028,0.590238,0.742,7,251,1,741,"[[741, 7], [251, 1]]",0.58672,0.010252,10.251583
4,Mobility + Network + Trust (Proposed 14 features),0.963,0.96372,0.96696,0.963,35,2,250,713,"[[713, 35], [2, 250]]",0.343954,0.005362,5.362208
4,Post-Hoc Attack Counters (Leakage 4 features),0.671,0.663025,0.656347,0.671,148,181,71,600,"[[600, 148], [181, 71]]",0.145037,0.010271,10.27125
4,Proposed + Leakage (18 features),1.0,1.0,1.0,1.0,0,0,252,748,"[[748, 0], [0, 252]]",0.237505,0.004625,4.625208
5,Mobility Only (5 features),0.732,0.635697,0.582384,0.732,18,250,2,730,"[[730, 18], [250, 2]]",0.494972,0.010642,10.642167
5,Network Only (6 features),0.741,0.64711,0.640007,0.741,13,246,6,735,"[[735, 13], [246, 6]]",0.387165,0.010701,10.701375
5,Trust Only (3 features),0.955,0.956103,0.961353,0.955,44,1,251,704,"[[704, 44], [1, 251]]",0.11861,0.005162,5.16175
5,Mobility + Network (11 features),0.746,0.641028,0.622498,0.746,3,251,1,745,"[[745, 3], [251, 1]]",0.57365,0.010343,10.342625
5,Mobility + Network + Trust (Proposed 14 features),0.956,0.9571,0.962541,0.956,44,0,252,704,"[[704, 44], [0, 252]]",0.316001,0.005433,5.432875
5,Post-Hoc Attack Counters (Leakage 4 features),0.681,0.657939,0.643123,0.681,118,201,51,630,"[[630, 118], [201, 51]]",0.144963,0.010024,10.023875
5,Proposed + Leakage (18 features),1.0,1.0,1.0,1.0,0,0,252,748,"[[748, 0], [0, 252]]",0.223058,0.004559,4.559084
6,Mobility Only (5 features),0.739,0.63928,0.597306,0.739,11,250,2,737,"[[737, 11], [250, 2]]",0.523703,0.011904,11.90375
6,Network Only (6 features),0.744,0.652009,0.662563,0.744,12,244,8,736,"[[736, 12], [244, 8]]",0.452308,0.01107,11.069708
6,Trust Only (3 features),0.951,0.952201,0.957522,0.951,46,3,249,702,"[[702, 46], [3, 249]]",0.132205,0.005903,5.90325
6,Mobility + Network (11 features),0.747,0.641527,0.643687,0.747,2,251,1,746,"[[746, 2], [251, 1]]",0.583586,0.010337,10.337375
6,Mobility + Network + Trust (Proposed 14 features),0.953,0.954197,0.959906,0.953,46,1,251,702,"[[702, 46], [1, 251]]",0.265486,0.005344,5.344417
6,Post-Hoc Attack Counters (Leakage 4 features),0.693,0.674785,0.663097,0.693,118,189,63,630,"[[630, 118], [189, 63]]",0.145652,0.009982,9.982084
6,Proposed + Leakage (18 features),1.0,1.0,1.0,1.0,0,0,252,748,"[[748, 0], [0, 252]]",0.227977,0.004465,4.465416
7,Mobility Only (5 features),0.742,0.64598,0.63899,0.742,11,247,5,737,"[[737, 11], [247, 5]]",0.476236,0.010432,10.432083
7,Network Only (6 features),0.741,0.64711,0.640007,0.741,13,246,6,735,"[[735, 13], [246, 6]]",0.376763,0.010594,10.593875
7,Trust Only (3 features),0.949,0.9502,0.955147,0.949,46,5,247,702,"[[702, 46], [5, 247]]",0.117134,0.00507,5.070208
7,Mobility + Network (11 features),0.746,0.639184,0.559126,0.746,2,252,0,746,"[[746, 2], [252, 0]]",0.61229,0.024775,24.775167
7,Mobility + Network + Trust (Proposed 14 features),0.952,0.9532,0.958713,0.952,46,2,250,702,"[[702, 46], [2, 250]]",0.277917,0.005285,5.28475
7,Post-Hoc Attack Counters (Leakage 4 features),0.668,0.65628,0.647018,0.668,143,189,63,605,"[[605, 143], [189, 63]]",0.143355,0.009994,9.9945
7,Proposed + Leakage (18 features),0.998,0.997997,0.998005,0.998,0,2,250,748,"[[748, 0], [2, 250]]",0.235224,0.004716,4.7155
8,Mobility Only (5 features),0.729,0.639046,0.601174,0.729,24,247,5,724,"[[724, 24], [247, 5]]",0.473654,0.010433,10.432958
8,Network Only (6 features),0.736,0.639454,0.600334,0.736,15,249,3,733,"[[733, 15], [249, 3]]",0.398789,0.010524,10.5245
8,Trust Only (3 features),0.952,0.953153,0.95825,0.952,45,3,249,703,"[[703, 45], [3, 249]]",0.117966,0.004981,4.980625
8,Mobility + Network (11 features),0.743,0.639529,0.594928,0.743,6,251,1,742,"[[742, 6], [251, 1]]",0.579955,0.010296,10.295917
8,Mobility + Network + Trust (Proposed 14 features),0.952,0.9532,0.958713,0.952,46,2,250,702,"[[702, 46], [2, 250]]",0.271651,0.005383,5.383125
8,Post-Hoc Attack Counters (Leakage 4 features),0.677,0.658503,0.645668,0.677,127,196,56,621,"[[621, 127], [196, 56]]",0.144511,0.010038,10.037542
8,Proposed + Leakage (18 features),1.0,1.0,1.0,1.0,0,0,252,748,"[[748, 0], [0, 252]]",0.230634,0.004651,4.650584
9,Mobility Only (5 features),0.741,0.648745,0.644809,0.741,14,245,7,734,"[[734, 14], [245, 7]]",0.492278,0.010581,10.580959
9,Network Only (6 features),0.74,0.646571,0.635837,0.74,14,246,6,734,"[[734, 14], [246, 6]]",0.396061,0.010669,10.669
9,Trust Only (3 features),0.949,0.95025,0.955607,0.949,47,4,248,701,"[[701, 47], [4, 248]]",0.1302,0.005121,5.121041
9,Mobility + Network (11 features),0.743,0.639529,0.594928,0.743,6,251,1,742,"[[742, 6], [251, 1]]",0.579692,0.010221,10.221334
9,Mobility + Network + Trust (Proposed 14 features),0.949,0.95025,0.955607,0.949,47,4,248,701,"[[701, 47], [4, 248]]",0.271717,0.005218,5.217875
9,Post-Hoc Attack Counters (Leakage 4 features),0.675,0.662062,0.652239,0.675,137,188,64,611,"[[611, 137], [188, 64]]",0.143653,0.01008,10.080292
9,Proposed + Leakage (18 features),0.998,0.997997,0.998005,0.998,0,2,250,748,"[[748, 0], [2, 250]]",0.22821,0.004546,4.546167
10,Mobility Only (5 features),0.74,0.644917,0.629857,0.74,13,247,5,735,"[[735, 13], [247, 5]]",0.460957,0.010468,10.467791
10,Network Only (6 features),0.736,0.646015,0.627694,0.736,19,245,7,729,"[[729, 19], [245, 7]]",0.390121,0.010549,10.548708
10,Trust Only (3 features),0.945,0.946505,0.953255,0.945,52,3,249,696,"[[696, 52], [3, 249]]",0.116333,0.005093,5.093083
10,Mobility + Network (11 features),0.748,0.645654,0.686624,0.748,3,249,3,745,"[[745, 3], [249, 3]]",0.576807,0.010253,10.253375
10,Mobility + Network + Trust (Proposed 14 features),0.946,0.947553,0.954991,0.946,53,1,251,695,"[[695, 53], [1, 251]]",0.266635,0.005251,5.250833
10,Post-Hoc Attack Counters (Leakage 4 features),0.683,0.666762,0.655426,0.683,127,190,62,621,"[[621, 127], [190, 62]]",0.142811,0.009725,9.725041
10,Proposed + Leakage (18 features),1.0,1.0,1.0,1.0,0,0,252,748,"[[748, 0], [0, 252]]",0.225917,0.004454,4.454375
11,Mobility Only (5 features),0.738,0.65026,0.642,0.738,19,243,9,729,"[[729, 19], [243, 9]]",0.472887,0.010555,10.554667
11,Network Only (6 features),0.734,0.643333,0.617234,0.734,20,246,6,728,"[[728, 20], [246, 6]]",0.393238,0.010437,10.43675
11,Trust Only (3 features),0.956,0.957057,0.962083,0.956,43,1,251,705,"[[705, 43], [1, 251]]",0.116423,0.004992,4.991584
11,Mobility + Network (11 features),0.741,0.643761,0.626871,0.741,11,248,4,737,"[[737, 11], [248, 4]]",0.581315,0.010288,10.2875
11,Mobility + Network + Trust (Proposed 14 features),0.957,0.958054,0.963268,0.957,43,0,252,705,"[[705, 43], [0, 252]]",0.263927,0.005264,5.263792
11,Post-Hoc Attack Counters (Leakage 4 features),0.673,0.657526,0.646147,0.673,134,193,59,614,"[[614, 134], [193, 59]]",0.142559,0.010025,10.025416
11,Proposed + Leakage (18 features),1.0,1.0,1.0,1.0,0,0,252,748,"[[748, 0], [0, 252]]",0.233777,0.004566,4.565958
12,Mobility Only (5 features),0.742,0.64929,0.6492,0.742,13,245,7,735,"[[735, 13], [245, 7]]",0.455274,0.010448,10.448375
12,Network Only (6 features),0.736,0.641134,0.60911,0.736,16,248,4,732,"[[732, 16], [248, 4]]",0.398175,0.010699,10.698541
12,Trust Only (3 features),0.955,0.956014,0.960464,0.955,42,3,249,706,"[[706, 42], [3, 249]]",0.120557,0.00511,5.110167
12,Mobility + Network (11 features),0.747,0.645139,0.668435,0.747,4,249,3,744,"[[744, 4], [249, 3]]",0.56873,0.010165,10.164541
12,Mobility + Network + Trust (Proposed 14 features),0.955,0.956014,0.960464,0.955,42,3,249,706,"[[706, 42], [3, 249]]",0.295622,0.005459,5.459166
12,Post-Hoc Attack Counters (Leakage 4 features),0.68,0.662002,0.649601,0.68,126,194,58,622,"[[622, 126], [194, 58]]",0.143474,0.009992,9.991625
12,Proposed + Leakage (18 features),1.0,1.0,1.0,1.0,0,0,252,748,"[[748, 0], [0, 252]]",0.227801,0.004539,4.539083
13,Mobility Only (5 features),0.739,0.64101,0.609312,0.739,12,249,3,736,"[[736, 12], [249, 3]]",0.512297,0.010826,10.825625
13,Network Only (6 features),0.737,0.644953,0.625399,0.737,17,246,6,731,"[[731, 17], [246, 6]]",0.378087,0.010502,10.5025
13,Trust Only (3 features),0.957,0.957881,0.96156,0.957,39,4,248,709,"[[709, 39], [4, 248]]",0.116275,0.005,4.999917
13,Mobility + Network (11 features),0.747,0.641527,0.643687,0.747,2,251,1,746,"[[746, 2], [251, 1]]",0.597382,0.010363,10.362708
13,Mobility + Network + Trust (Proposed 14 features),0.961,0.961879,0.966227,0.961,39,0,252,709,"[[709, 39], [0, 252]]",0.270146,0.005338,5.338
13,Post-Hoc Attack Counters (Leakage 4 features),0.684,0.670545,0.660729,0.684,131,185,67,617,"[[617, 131], [185, 67]]",0.14529,0.044372,44.371583
13,Proposed + Leakage (18 features),1.0,1.0,1.0,1.0,0,0,252,748,"[[748, 0], [0, 252]]",0.243226,0.004534,4.5335
14,Mobility Only (5 features),0.744,0.647042,0.650621,0.744,9,247,5,739,"[[739, 9], [247, 5]]",0.475392,0.010597,10.597416
14,Network Only (6 features),0.739,0.644385,0.625981,0.739,14,247,5,734,"[[734, 14], [247, 5]]",0.379595,0.010484,10.483917
14,Trust Only (3 features),0.952,0.9532,0.958713,0.952,46,2,250,702,"[[702, 46], [2, 250]]",0.116347,0.005072,5.072125
14,Mobility + Network (11 features),0.746,0.639184,0.559126,0.746,2,252,0,746,"[[746, 2], [252, 0]]",0.57731,0.010215,10.214667
14,Mobility + Network + Trust (Proposed 14 features),0.951,0.952295,0.958478,0.951,48,1,251,700,"[[700, 48], [1, 251]]",0.26544,0.005315,5.315125
14,Post-Hoc Attack Counters (Leakage 4 features),0.676,0.666253,0.658446,0.676,142,182,70,606,"[[606, 142], [182, 70]]",0.143676,0.01018,10.179667
14,Proposed + Leakage (18 features),1.0,1.0,1.0,1.0,0,0,252,748,"[[748, 0], [0, 252]]",0.229119,0.004617,4.617084
15,Mobility Only (5 features),0.741,0.648745,0.644809,0.741,14,245,7,734,"[[734, 14], [245, 7]]",0.474209,0.010624,10.623791
15,Network Only (6 features),0.746,0.6498,0.669379,0.746,8,246,6,740,"[[740, 8], [246, 6]]",0.400585,0.010614,10.613708
15,Trust Only (3 features),0.946,0.947402,0.953456,0.946,50,4,248,698,"[[698, 50], [4, 248]]",0.116176,0.00503,5.029834
15,Mobility + Network (11 features),0.741,0.638527,0.586547,0.741,8,251,1,740,"[[740, 8], [251, 1]]",0.6001,0.010371,10.370583
15,Mobility + Network + Trust (Proposed 14 features),0.95,0.951392,0.958278,0.95,50,0,252,698,"[[698, 50], [0, 252]]",0.266693,0.005247,5.246708
15,Post-Hoc Attack Counters (Leakage 4 features),0.682,0.667862,0.657596,0.682,131,187,65,617,"[[617, 131], [187, 65]]",0.144238,0.010006,10.006334
15,Proposed + Leakage (18 features),0.998,0.998,0.998,0.998,1,1,251,747,"[[747, 1], [1, 251]]",0.225813,0.00461,4.609666
16,Mobility Only (5 features),0.737,0.639973,0.602998,0.737,14,249,3,734,"[[734, 14], [249, 3]]",0.447825,0.010514,10.513916
16,Network Only (6 features),0.74,0.648199,0.640799,0.74,15,245,7,733,"[[733, 15], [245, 7]]",0.378422,0.010547,10.547083
16,Trust Only (3 features),0.968,0.968394,0.969747,0.968,26,6,246,722,"[[722, 26], [6, 246]]",0.118361,0.005048,5.048167
16,Mobility + Network (11 features),0.745,0.642334,0.631682,0.745,5,250,2,743,"[[743, 5], [250, 2]]",0.550513,0.010208,10.20825
16,Mobility + Network + Trust (Proposed 14 features),0.973,0.973409,0.975312,0.973,26,1,251,722,"[[722, 26], [1, 251]]",0.289049,0.005224,5.223792
16,Post-Hoc Attack Counters (Leakage 4 features),0.679,0.669617,0.662103,0.679,141,180,72,607,"[[607, 141], [180, 72]]",0.143953,0.010042,10.041917
16,Proposed + Leakage (18 features),1.0,1.0,1.0,1.0,0,0,252,748,"[[748, 0], [0, 252]]",0.222481,0.004369,4.369291
17,Mobility Only (5 features),0.731,0.640117,0.604784,0.731,22,247,5,726,"[[726, 22], [247, 5]]",0.488284,0.0109,10.900291
17,Network Only (6 features),0.735,0.643873,0.619754,0.735,19,246,6,729,"[[729, 19], [246, 6]]",0.379922,0.01044,10.440125
17,Trust Only (3 features),0.953,0.954197,0.959906,0.953,46,1,251,702,"[[702, 46], [1, 251]]",0.117127,0.005106,5.105541
17,Mobility + Network (11 features),0.744,0.640029,0.601119,0.744,5,251,1,743,"[[743, 5], [251, 1]]",0.582695,0.010278,10.278
17,Mobility + Network + Trust (Proposed 14 features),0.953,0.954242,0.960388,0.953,47,0,252,701,"[[701, 47], [0, 252]]",0.267647,0.005258,5.258292
17,Post-Hoc Attack Counters (Leakage 4 features),0.691,0.668662,0.655079,0.691,113,196,56,635,"[[635, 113], [196, 56]]",0.143836,0.010232,10.232208
17,Proposed + Leakage (18 features),1.0,1.0,1.0,1.0,0,0,252,748,"[[748, 0], [0, 252]]",0.237891,0.004714,4.713834
18,Mobility Only (5 features),0.734,0.640081,0.604141,0.734,18,248,4,730,"[[730, 18], [248, 4]]",0.468268,0.010584,10.584
18,Network Only (6 features),0.731,0.636854,0.590233,0.731,20,249,3,728,"[[728, 20], [249, 3]]",0.372399,0.010458,10.4575
18,Trust Only (3 features),0.948,0.949399,0.955863,0.948,50,2,250,698,"[[698, 50], [2, 250]]",0.116443,0.005077,5.076625
18,Mobility + Network (11 features),0.745,0.642334,0.631682,0.745,5,250,2,743,"[[743, 5], [250, 2]]",0.553836,0.010259,10.259291
18,Mobility + Network + Trust (Proposed 14 features),0.95,0.951392,0.958278,0.95,50,0,252,698,"[[698, 50], [0, 252]]",0.265605,0.005296,5.296292
18,Post-Hoc Attack Counters (Leakage 4 features),0.672,0.64488,0.62715,0.672,118,210,42,630,"[[630, 118], [210, 42]]",0.142923,0.009761,9.76125
18,Proposed + Leakage (18 features),1.0,1.0,1.0,1.0,0,0,252,748,"[[748, 0], [0, 252]]",0.222003,0.004538,4.537833
19,Mobility Only (5 features),0.74,0.648199,0.640799,0.74,15,245,7,733,"[[733, 15], [245, 7]]",0.480307,0.010515,10.515167
19,Network Only (6 features),0.741,0.642045,0.617449,0.741,10,249,3,738,"[[738, 10], [249, 3]]",0.391571,0.010389,10.3895
19,Trust Only (3 features),0.95,0.95125,0.956799,0.95,47,3,249,701,"[[701, 47], [3, 249]]",0.116796,0.005128,5.127584
19,Mobility + Network (11 features),0.748,0.643855,0.686249,0.748,2,250,2,746,"[[746, 2], [250, 2]]",0.584181,0.010247,10.247125
19,Mobility + Network + Trust (Proposed 14 features),0.952,0.953246,0.95919,0.952,47,1,251,701,"[[701, 47], [1, 251]]",0.261422,0.005227,5.226708
19,Post-Hoc Attack Counters (Leakage 4 features),0.67,0.657761,0.648221,0.67,141,189,63,607,"[[607, 141], [189, 63]]",0.143827,0.009893,9.893209
19,Proposed + Leakage (18 features),0.999,0.998999,0.999001,0.999,0,1,251,748,"[[748, 0], [1, 251]]",0.223676,0.004513,4.513417
