seed,model,accuracy,weighted_f1,precision,recall,false_positive_count,false_negative_count,true_positive_count,true_negative_count,confusion_matrix,fit_seconds,predict_seconds,predict_microseconds_per_sample,model_size_kb_pickle,rank
0,Random Forest,0.953,0.954106,0.958983,0.953,44,3,249,704,"[[704, 44], [3, 249]]",0.277919,0.005415,5.415042,2513.275391,3.0
0,Gradient Boosting,0.954,0.955059,0.959721,0.954,43,3,249,705,"[[705, 43], [3, 249]]",0.951133,0.000793,0.793334,199.732422,2.0
0,Extra Trees,0.947,0.94814,0.952345,0.947,45,8,244,703,"[[703, 45], [8, 244]]",0.119998,0.007509,7.508792,9279.337891,4.0
0,AdaBoost,0.956,0.9571,0.962541,0.956,44,0,252,704,"[[704, 44], [0, 252]]",0.180529,0.003009,3.009417,27.262695,1.0
0,Decision Tree,0.944,0.944816,0.946948,0.944,40,16,236,708,"[[708, 40], [16, 236]]",0.009483,8.5e-05,0.085416,8.208984,5.0
0,SVM (RBF),0.924,0.925108,0.927486,0.924,50,26,226,698,"[[698, 50], [26, 226]]",0.315163,0.024153,24.153125,119.912109,7.0
0,K-Nearest Neighbors,0.892,0.892687,0.893588,0.892,59,49,203,689,"[[689, 59], [49, 203]]",0.001057,0.0351,35.099916,564.831055,9.0
0,Logistic Regression,0.924,0.924389,0.924925,0.924,42,34,218,706,"[[706, 42], [34, 218]]",0.00406,0.0001,0.10025,0.761719,8.0
0,Gaussian Naive Bayes,0.928,0.930326,0.940169,0.928,66,6,246,682,"[[682, 66], [6, 246]]",0.00069,0.000145,0.14475,0.984375,6.0
1,Random Forest,0.952,0.953291,0.95968,0.952,48,0,252,700,"[[700, 48], [0, 252]]",0.276616,0.005635,5.635125,2527.65625,1.0
1,Gradient Boosting,0.951,0.952295,0.958478,0.951,48,1,251,700,"[[700, 48], [1, 251]]",0.928148,0.000769,0.76875,179.754883,3.0
1,Extra Trees,0.94,0.94126,0.945393,0.94,48,12,240,700,"[[700, 48], [12, 240]]",0.124058,0.010426,10.425834,9529.806641,5.0
1,AdaBoost,0.952,0.953291,0.95968,0.952,48,0,252,700,"[[700, 48], [0, 252]]",0.186986,0.002778,2.777917,27.262695,1.0
1,Decision Tree,0.946,0.947297,0.9525,0.946,48,6,246,700,"[[700, 48], [6, 246]]",0.009633,0.000105,0.104916,6.021484,4.0
1,SVM (RBF),0.927,0.928185,0.930977,0.927,50,23,229,698,"[[698, 50], [23, 229]]",0.311156,0.024638,24.637916,122.490234,8.0
1,K-Nearest Neighbors,0.894,0.894275,0.894585,0.894,55,51,201,693,"[[693, 55], [51, 201]]",0.001012,0.033465,33.46475,564.831055,9.0
1,Logistic Regression,0.931,0.93181,0.933433,0.931,44,25,227,704,"[[704, 44], [25, 227]]",0.003831,8e-05,0.079625,0.761719,7.0
1,Gaussian Naive Bayes,0.931,0.933078,0.941552,0.931,62,7,245,686,"[[686, 62], [7, 245]]",0.000617,0.00012,0.119792,0.984375,6.0
2,Random Forest,0.942,0.943772,0.952283,0.942,57,1,251,691,"[[691, 57], [1, 251]]",0.274982,0.005487,5.487042,2435.15332,2.0
2,Gradient Boosting,0.94,0.941725,0.94928,0.94,56,4,248,692,"[[692, 56], [4, 248]]",1.098592,0.000784,0.784333,191.286133,3.0
2,Extra Trees,0.932,0.9337,0.939574,0.932,56,12,240,692,"[[692, 56], [12, 240]]",0.120201,0.007514,7.513958,9323.244141,5.0
2,AdaBoost,0.943,0.944767,0.953515,0.943,57,0,252,691,"[[691, 57], [0, 252]]",0.178055,0.002844,2.844167,27.262695,1.0
2,Decision Tree,0.934,0.935713,0.941989,0.934,56,10,242,692,"[[692, 56], [10, 242]]",0.009239,7.3e-05,0.072666,6.490234,4.0
2,SVM (RBF),0.92,0.921762,0.926607,0.92,59,21,231,689,"[[689, 59], [21, 231]]",0.308373,0.023764,23.764125,119.138672,7.0
2,K-Nearest Neighbors,0.891,0.892023,0.893521,0.891,62,47,205,686,"[[686, 62], [47, 205]]",0.001021,0.034731,34.731416,564.831055,9.0
2,Logistic Regression,0.914,0.915059,0.91699,0.914,53,33,219,695,"[[695, 53], [33, 219]]",0.003841,8.9e-05,0.08925,0.761719,8.0
2,Gaussian Naive Bayes,0.923,0.925712,0.93763,0.923,72,5,247,676,"[[676, 72], [5, 247]]",0.000625,0.000123,0.122709,0.984375,6.0
3,Random Forest,0.953,0.954152,0.959437,0.953,45,2,250,703,"[[703, 45], [2, 250]]",0.26728,0.005327,5.327375,2545.46875,1.0
3,Gradient Boosting,0.95,0.951151,0.955882,0.95,45,5,247,703,"[[703, 45], [5, 247]]",0.908949,0.000754,0.753875,181.442383,4.0
3,Extra Trees,0.952,0.953153,0.95825,0.952,45,3,249,703,"[[703, 45], [3, 249]]",0.122434,0.007554,7.553542,9506.681641,3.0
3,AdaBoost,0.953,0.954152,0.959437,0.953,45,2,250,703,"[[703, 45], [2, 250]]",0.176948,0.002827,2.8275,27.262695,1.0
3,Decision Tree,0.95,0.95105,0.955021,0.95,43,7,245,705,"[[705, 43], [7, 245]]",0.009788,7.1e-05,0.070625,5.708984,5.0
3,SVM (RBF),0.926,0.927242,0.930206,0.926,51,23,229,697,"[[697, 51], [23, 229]]",0.3217,0.023768,23.768417,121.845703,7.0
3,K-Nearest Neighbors,0.905,0.906115,0.908006,0.905,57,38,214,691,"[[691, 57], [38, 214]]",0.001014,0.034513,34.513,564.831055,9.0
3,Logistic Regression,0.917,0.917268,0.917594,0.917,44,39,213,704,"[[704, 44], [39, 213]]",0.003884,0.000102,0.102084,0.761719,8.0
3,Gaussian Naive Bayes,0.933,0.935135,0.944609,0.933,63,4,248,685,"[[685, 63], [4, 248]]",0.000609,0.000121,0.121375,0.984375,6.0
4,Random Forest,0.963,0.96372,0.96696,0.963,35,2,250,713,"[[713, 35], [2, 250]]",0.269115,0.005281,5.281292,2599.0625,2.0
4,Gradient Boosting,0.961,0.961675,0.964307,0.961,34,5,247,714,"[[714, 34], [5, 247]]",0.912551,0.000764,0.764125,195.654297,3.0
4,Extra Trees,0.957,0.957603,0.959443,0.957,33,10,242,715,"[[715, 33], [10, 242]]",0.124788,0.007653,7.653459,9673.869141,5.0
4,AdaBoost,0.965,0.965717,0.969268,0.965,35,0,252,713,"[[713, 35], [0, 252]]",0.187982,0.00296,2.960042,27.262695,1.0
4,Decision Tree,0.961,0.96159,0.963646,0.961,32,7,245,716,"[[716, 32], [7, 245]]",0.010054,0.000167,0.167334,6.177734,4.0
4,SVM (RBF),0.937,0.937283,0.937681,0.937,35,28,224,713,"[[713, 35], [28, 224]]",0.319843,0.023891,23.890625,123.521484,7.0
4,K-Nearest Neighbors,0.898,0.897306,0.896838,0.898,46,56,196,702,"[[702, 46], [56, 196]]",0.001004,0.033758,33.758333,564.831055,9.0
4,Logistic Regression,0.931,0.930675,0.930467,0.931,31,38,214,717,"[[717, 31], [38, 214]]",0.003853,7.9e-05,0.079333,0.761719,8.0
4,Gaussian Naive Bayes,0.94,0.941614,0.948229,0.94,54,6,246,694,"[[694, 54], [6, 246]]",0.000614,0.00012,0.120084,0.984375,6.0
5,Random Forest,0.956,0.9571,0.962541,0.956,44,0,252,704,"[[704, 44], [0, 252]]",0.267624,0.005281,5.281292,2546.875,1.0
5,Gradient Boosting,0.953,0.954106,0.958983,0.953,44,3,249,704,"[[704, 44], [3, 249]]",0.954801,0.000822,0.822292,192.129883,3.0
5,Extra Trees,0.945,0.94607,0.949587,0.945,44,11,241,704,"[[704, 44], [11, 241]]",0.123244,0.007559,7.559125,9499.650391,4.0
5,AdaBoost,0.956,0.9571,0.962541,0.956,44,0,252,704,"[[704, 44], [0, 252]]",0.181571,0.00285,2.850041,27.262695,1.0
5,Decision Tree,0.943,0.943925,0.946503,0.943,42,15,237,706,"[[706, 42], [15, 237]]",0.009454,8e-05,0.080375,8.208984,5.0
5,SVM (RBF),0.928,0.928803,0.930334,0.928,45,27,225,703,"[[703, 45], [27, 225]]",0.312327,0.023537,23.537417,120.556641,7.0
5,K-Nearest Neighbors,0.911,0.912247,0.914637,0.911,56,33,219,692,"[[692, 56], [33, 219]]",0.001021,0.033525,33.52475,564.831055,9.0
5,Logistic Regression,0.915,0.914481,0.914151,0.915,38,47,205,710,"[[710, 38], [47, 205]]",0.003572,0.000103,0.103166,0.761719,8.0
5,Gaussian Naive Bayes,0.932,0.934017,0.94222,0.932,61,7,245,687,"[[687, 61], [7, 245]]",0.000602,0.000125,0.124625,0.984375,6.0
6,Random Forest,0.953,0.954197,0.959906,0.953,46,1,251,702,"[[702, 46], [1, 251]]",0.264591,0.005296,5.295625,2502.96875,3.0
6,Gradient Boosting,0.955,0.956103,0.961353,0.955,44,1,251,704,"[[704, 44], [1, 251]]",0.933915,0.000791,0.790667,188.051758,1.0
6,Extra Trees,0.942,0.943158,0.946897,0.942,46,12,240,702,"[[702, 46], [12, 240]]",0.122246,0.007493,7.492583,9559.494141,5.0
6,AdaBoost,0.954,0.955194,0.961101,0.954,46,0,252,702,"[[702, 46], [0, 252]]",0.184548,0.002846,2.84575,27.262695,2.0
6,Decision Tree,0.945,0.945832,0.948091,0.945,40,15,237,708,"[[708, 40], [15, 237]]",0.009849,0.00011,0.110125,6.958984,4.0
6,SVM (RBF),0.919,0.920043,0.922057,0.919,51,30,222,697,"[[697, 51], [30, 222]]",0.317683,0.022922,22.922208,118.880859,7.0
6,K-Nearest Neighbors,0.893,0.892347,0.891875,0.893,49,58,194,699,"[[699, 49], [58, 194]]",0.001028,0.033507,33.507417,564.831055,9.0
6,Logistic Regression,0.917,0.917162,0.917345,0.917,43,40,212,705,"[[705, 43], [40, 212]]",0.00342,7.8e-05,0.078375,0.761719,8.0
6,Gaussian Naive Bayes,0.931,0.933016,0.94099,0.931,61,8,244,687,"[[687, 61], [8, 244]]",0.000582,0.000118,0.118458,0.984375,6.0
7,Random Forest,0.952,0.9532,0.958713,0.952,46,2,250,702,"[[702, 46], [2, 250]]",0.268955,0.005206,5.205791,2527.1875,1.0
7,Gradient Boosting,0.951,0.952153,0.957065,0.951,45,4,248,703,"[[703, 45], [4, 248]]",0.971073,0.000787,0.78725,190.161133,3.0
7,Extra Trees,0.943,0.944168,0.94807,0.943,46,11,241,702,"[[702, 46], [11, 241]]",0.12164,0.00751,7.510125,9355.587891,4.0
7,AdaBoost,0.952,0.9532,0.958713,0.952,46,2,250,702,"[[702, 46], [2, 250]]",0.178957,0.002833,2.832667,27.262695,1.0
7,Decision Tree,0.934,0.934812,0.93653,0.934,43,23,229,705,"[[705, 43], [23, 229]]",0.009559,7.8e-05,0.077625,8.208984,6.0
7,SVM (RBF),0.931,0.931565,0.932516,0.931,41,28,224,707,"[[707, 41], [28, 224]]",0.324357,0.030017,30.016875,123.392578,7.0
7,K-Nearest Neighbors,0.904,0.904125,0.90426,0.904,49,47,205,699,"[[699, 49], [47, 205]]",0.001089,0.040738,40.73775,564.831055,9.0
7,Logistic Regression,0.93,0.930271,0.930625,0.93,38,32,220,710,"[[710, 38], [32, 220]]",0.00377,8.3e-05,0.083166,0.761719,8.0
7,Gaussian Naive Bayes,0.937,0.93884,0.946697,0.937,58,5,247,690,"[[690, 58], [5, 247]]",0.000661,0.000222,0.222041,0.984375,5.0
8,Random Forest,0.952,0.9532,0.958713,0.952,46,2,250,702,"[[702, 46], [2, 250]]",0.279006,0.005334,5.333917,2532.96875,2.0
8,Gradient Boosting,0.951,0.952201,0.957522,0.951,46,3,249,702,"[[702, 46], [3, 249]]",0.938497,0.000742,0.74175,190.020508,3.0
8,Extra Trees,0.942,0.943036,0.946096,0.942,44,14,238,704,"[[704, 44], [14, 238]]",0.122538,0.007437,7.436708,9516.837891,5.0
8,AdaBoost,0.954,0.955194,0.961101,0.954,46,0,252,702,"[[702, 46], [0, 252]]",0.179984,0.002792,2.791792,27.262695,1.0
8,Decision Tree,0.943,0.943987,0.946873,0.943,43,14,238,705,"[[705, 43], [14, 238]]",0.009698,0.0001,0.100166,7.271484,4.0
8,SVM (RBF),0.923,0.923814,0.925273,0.923,47,30,222,701,"[[701, 47], [30, 222]]",0.317005,0.024,24.0,120.814453,7.0
8,K-Nearest Neighbors,0.892,0.891565,0.89121,0.892,51,57,195,697,"[[697, 51], [57, 195]]",0.001027,0.034378,34.378375,564.831055,9.0
8,Logistic Regression,0.917,0.916835,0.91669,0.917,40,43,209,708,"[[708, 40], [43, 209]]",0.003889,9.9e-05,0.098791,0.761719,8.0
8,Gaussian Naive Bayes,0.931,0.933199,0.942713,0.931,64,5,247,684,"[[684, 64], [5, 247]]",0.000608,0.000127,0.127083,0.984375,6.0
9,Random Forest,0.949,0.95025,0.955607,0.949,47,4,248,701,"[[701, 47], [4, 248]]",0.27249,0.005251,5.250625,2549.375,2.0
9,Gradient Boosting,0.948,0.949249,0.954417,0.948,47,5,247,701,"[[701, 47], [5, 247]]",0.94797,0.000822,0.822,195.091797,3.0
9,Extra Trees,0.942,0.943097,0.946489,0.942,45,13,239,703,"[[703, 45], [13, 239]]",0.121225,0.008172,8.171875,9510.431641,4.0
9,AdaBoost,0.951,0.952248,0.957993,0.951,47,2,250,701,"[[701, 47], [2, 250]]",0.179545,0.002848,2.84775,27.262695,1.0
9,Decision Tree,0.942,0.942973,0.945717,0.942,43,15,237,705,"[[705, 43], [15, 237]]",0.009871,0.000147,0.147084,7.896484,5.0
9,SVM (RBF),0.921,0.921551,0.922375,0.921,45,34,218,703,"[[703, 45], [34, 218]]",0.311267,0.023494,23.493917,118.751953,7.0
9,K-Nearest Neighbors,0.888,0.88708,0.886479,0.888,50,62,190,698,"[[698, 50], [62, 190]]",0.001115,0.048289,48.288709,564.831055,9.0
9,Logistic Regression,0.913,0.912827,0.912674,0.913,42,45,207,706,"[[706, 42], [45, 207]]",0.004499,0.000113,0.113292,0.761719,8.0
9,Gaussian Naive Bayes,0.926,0.928195,0.936516,0.926,64,10,242,684,"[[684, 64], [10, 242]]",0.00066,0.000136,0.135542,0.984375,6.0
10,Random Forest,0.946,0.947553,0.954991,0.946,53,1,251,695,"[[695, 53], [1, 251]]",0.27468,0.005235,5.235042,2461.084961,2.0
10,Gradient Boosting,0.944,0.945507,0.952046,0.944,52,4,248,696,"[[696, 52], [4, 248]]",0.946367,0.000799,0.799208,197.060547,3.0
10,Extra Trees,0.934,0.935454,0.940064,0.934,52,14,238,696,"[[696, 52], [14, 238]]",0.122404,0.007539,7.538542,9387.150391,5.0
10,AdaBoost,0.947,0.948548,0.95621,0.947,53,0,252,695,"[[695, 53], [0, 252]]",0.18743,0.002756,2.755666,27.262695,1.0
10,Decision Tree,0.942,0.94345,0.949144,0.942,51,7,245,697,"[[697, 51], [7, 245]]",0.009834,0.000118,0.117667,5.708984,4.0
10,SVM (RBF),0.918,0.919464,0.922871,0.918,56,26,226,692,"[[692, 56], [26, 226]]",0.311069,0.02378,23.78,119.267578,7.0
10,K-Nearest Neighbors,0.897,0.897719,0.898697,0.897,57,46,206,691,"[[691, 57], [46, 206]]",0.001034,0.034635,34.635417,564.831055,9.0
10,Logistic Regression,0.915,0.915382,0.915875,0.915,46,39,213,702,"[[702, 46], [39, 213]]",0.003585,8.2e-05,0.082333,0.761719,8.0
10,Gaussian Naive Bayes,0.926,0.928453,0.938884,0.926,68,6,246,680,"[[680, 68], [6, 246]]",0.00059,0.00012,0.119792,0.984375,6.0
11,Random Forest,0.957,0.958054,0.963268,0.957,43,0,252,705,"[[705, 43], [0, 252]]",0.269311,0.005306,5.306375,2601.730469,1.0
11,Gradient Boosting,0.953,0.954059,0.958543,0.953,43,4,248,705,"[[705, 43], [4, 248]]",0.933306,0.000787,0.786708,192.560547,3.0
11,Extra Trees,0.94,0.940875,0.943055,0.94,42,18,234,706,"[[706, 42], [18, 234]]",0.12437,0.007872,7.871917,9674.962891,5.0
11,AdaBoost,0.957,0.958054,0.963268,0.957,43,0,252,705,"[[705, 43], [0, 252]]",0.179564,0.002772,2.77225,27.262695,1.0
11,Decision Tree,0.953,0.954011,0.958117,0.953,42,5,247,706,"[[706, 42], [5, 247]]",0.009857,0.000104,0.103833,4.927734,4.0
11,SVM (RBF),0.928,0.928886,0.930668,0.928,46,26,226,702,"[[702, 46], [26, 226]]",0.315042,0.024448,24.447958,123.134766,7.0
11,K-Nearest Neighbors,0.884,0.883533,0.883144,0.884,55,61,191,693,"[[693, 55], [61, 191]]",0.001017,0.035198,35.197584,564.831055,9.0
11,Logistic Regression,0.917,0.916494,0.916177,0.917,37,46,206,711,"[[711, 37], [46, 206]]",0.003661,0.000139,0.138542,0.761719,8.0
11,Gaussian Naive Bayes,0.937,0.938665,0.945109,0.937,55,8,244,693,"[[693, 55], [8, 244]]",0.000639,0.000123,0.123417,0.984375,6.0
12,Random Forest,0.955,0.956014,0.960464,0.955,42,3,249,706,"[[706, 42], [3, 249]]",0.269603,0.005224,5.224292,2524.05957,2.0
12,Gradient Boosting,0.954,0.955013,0.959289,0.954,42,4,248,706,"[[706, 42], [4, 248]]",0.947935,0.000798,0.797625,192.270508,3.0
12,Extra Trees,0.949,0.949828,0.952325,0.949,39,12,240,709,"[[709, 39], [12, 240]]",0.121583,0.007758,7.758208,9490.744141,4.0
12,AdaBoost,0.958,0.959009,0.964,0.958,42,0,252,706,"[[706, 42], [0, 252]]",0.186788,0.002937,2.937,27.262695,1.0
12,Decision Tree,0.943,0.943863,0.946147,0.943,41,16,236,707,"[[707, 41], [16, 236]]",0.00994,0.000174,0.174041,8.052734,5.0
12,SVM (RBF),0.925,0.925793,0.927233,0.925,46,29,223,702,"[[702, 46], [29, 223]]",0.323925,0.025154,25.153584,120.169922,7.0
12,K-Nearest Neighbors,0.885,0.885225,0.885469,0.885,59,56,196,689,"[[689, 59], [56, 196]]",0.001054,0.035054,35.054292,564.831055,9.0
12,Logistic Regression,0.92,0.919568,0.919285,0.92,36,44,208,712,"[[712, 36], [44, 208]]",0.003696,9.4e-05,0.09425,0.761719,8.0
12,Gaussian Naive Bayes,0.934,0.935776,0.942503,0.934,57,9,243,691,"[[691, 57], [9, 243]]",0.000597,0.000123,0.122792,0.984375,6.0
13,Random Forest,0.961,0.961879,0.966227,0.961,39,0,252,709,"[[709, 39], [0, 252]]",0.27237,0.005248,5.248125,2539.0625,1.0
13,Gradient Boosting,0.959,0.959882,0.963889,0.959,39,2,250,709,"[[709, 39], [2, 250]]",0.935301,0.000775,0.774833,188.473633,3.0
13,Extra Trees,0.952,0.952959,0.956541,0.952,41,7,245,707,"[[707, 41], [7, 245]]",0.121494,0.007475,7.474875,9690.744141,5.0
13,AdaBoost,0.961,0.961879,0.966227,0.961,39,0,252,709,"[[709, 39], [0, 252]]",0.1796,0.00277,2.770375,27.262695,1.0
13,Decision Tree,0.957,0.957836,0.961169,0.957,38,5,247,710,"[[710, 38], [5, 247]]",0.009962,0.000141,0.140708,7.115234,4.0
13,SVM (RBF),0.937,0.937591,0.9387,0.937,39,24,228,709,"[[709, 39], [24, 228]]",0.322085,0.024089,24.089083,124.423828,7.0
13,K-Nearest Neighbors,0.901,0.900396,0.899975,0.901,45,54,198,703,"[[703, 45], [54, 198]]",0.001002,0.034162,34.161833,564.831055,9.0
13,Logistic Regression,0.937,0.936874,0.93677,0.937,30,33,219,718,"[[718, 30], [33, 219]]",0.003791,8.2e-05,0.081875,0.761719,8.0
13,Gaussian Naive Bayes,0.94,0.94178,0.949825,0.94,57,3,249,691,"[[691, 57], [3, 249]]",0.000566,0.00012,0.119792,0.984375,6.0
14,Random Forest,0.951,0.952295,0.958478,0.951,48,1,251,700,"[[700, 48], [1, 251]]",0.269029,0.005313,5.313125,2467.800781,2.0
14,Gradient Boosting,0.95,0.95125,0.956799,0.95,47,3,249,701,"[[701, 47], [3, 249]]",0.947065,0.000927,0.927291,193.826172,3.0
14,Extra Trees,0.939,0.940435,0.945557,0.939,51,10,242,697,"[[697, 51], [10, 242]]",0.123492,0.007524,7.524334,9354.806641,5.0
14,AdaBoost,0.952,0.953291,0.95968,0.952,48,0,252,700,"[[700, 48], [0, 252]]",0.181059,0.002828,2.828125,27.262695,1.0
14,Decision Tree,0.942,0.942973,0.945717,0.942,43,15,237,705,"[[705, 43], [15, 237]]",0.009752,9.8e-05,0.097666,7.896484,4.0
14,SVM (RBF),0.935,0.935984,0.93837,0.935,45,20,232,703,"[[703, 45], [20, 232]]",0.312125,0.024092,24.09225,121.716797,6.0
14,K-Nearest Neighbors,0.901,0.901445,0.901998,0.901,53,46,206,695,"[[695, 53], [46, 206]]",0.001034,0.034133,34.13325,564.831055,9.0
14,Logistic Regression,0.925,0.925523,0.926321,0.925,43,32,220,705,"[[705, 43], [32, 220]]",0.003708,9.9e-05,0.099084,0.761719,8.0
14,Gaussian Naive Bayes,0.929,0.931324,0.941419,0.929,66,5,247,682,"[[682, 66], [5, 247]]",0.000592,0.000121,0.121084,0.984375,7.0
15,Random Forest,0.95,0.951392,0.958278,0.95,50,0,252,698,"[[698, 50], [0, 252]]",0.272725,0.005431,5.430709,2483.59082,1.0
15,Gradient Boosting,0.948,0.94935,0.955367,0.948,49,3,249,699,"[[699, 49], [3, 249]]",0.927555,0.000788,0.7875,187.348633,4.0
15,Extra Trees,0.932,0.933287,0.936829,0.932,50,18,234,698,"[[698, 50], [18, 234]]",0.124588,0.007848,7.84825,9574.337891,5.0
15,AdaBoost,0.95,0.951392,0.958278,0.95,50,0,252,698,"[[698, 50], [0, 252]]",0.179029,0.002871,2.87075,27.262695,1.0
15,Decision Tree,0.95,0.951201,0.956333,0.95,46,4,248,702,"[[702, 46], [4, 248]]",0.009762,7.5e-05,0.074792,5.552734,3.0
15,SVM (RBF),0.922,0.92287,0.92446,0.922,48,30,222,700,"[[700, 48], [30, 222]]",0.309987,0.023477,23.477291,119.525391,7.0
15,K-Nearest Neighbors,0.887,0.887221,0.887461,0.887,58,55,197,690,"[[690, 58], [55, 197]]",0.001011,0.034585,34.585458,564.831055,9.0
15,Logistic Regression,0.921,0.921355,0.921822,0.921,43,36,216,705,"[[705, 43], [36, 216]]",0.003598,0.000111,0.111166,0.761719,8.0
15,Gaussian Naive Bayes,0.924,0.926186,0.934051,0.924,64,12,240,684,"[[684, 64], [12, 240]]",0.000596,0.000126,0.12625,0.984375,6.0
16,Random Forest,0.973,0.973409,0.975312,0.973,26,1,251,722,"[[722, 26], [1, 251]]",0.269822,0.005256,5.255708,2702.042969,2.0
16,Gradient Boosting,0.973,0.973409,0.975312,0.973,26,1,251,722,"[[722, 26], [1, 251]]",0.908869,0.000737,0.73725,186.786133,2.0
16,Extra Trees,0.961,0.961366,0.962271,0.961,27,12,240,721,"[[721, 27], [12, 240]]",0.124075,0.007434,7.433875,9939.181641,5.0
16,AdaBoost,0.974,0.974408,0.976432,0.974,26,0,252,722,"[[722, 26], [0, 252]]",0.180211,0.002841,2.841458,27.262695,1.0
16,Decision Tree,0.968,0.968357,0.969494,0.968,25,7,245,723,"[[723, 25], [7, 245]]",0.009926,6.9e-05,0.068917,7.740234,4.0
16,SVM (RBF),0.947,0.946965,0.946932,0.947,26,27,225,722,"[[722, 26], [27, 225]]",0.329068,0.025412,25.412375,127.388672,7.0
16,K-Nearest Neighbors,0.903,0.901266,0.901008,0.903,36,61,191,712,"[[712, 36], [61, 191]]",0.001024,0.034704,34.704416,564.831055,9.0
16,Logistic Regression,0.933,0.931802,0.932175,0.933,21,46,206,727,"[[727, 21], [46, 206]]",0.003822,0.000104,0.104375,0.761719,8.0
16,Gaussian Naive Bayes,0.95,0.95105,0.955021,0.95,43,7,245,705,"[[705, 43], [7, 245]]",0.000607,0.000124,0.124084,0.984375,6.0
17,Random Forest,0.953,0.954242,0.960388,0.953,47,0,252,701,"[[701, 47], [0, 252]]",0.271346,0.005305,5.304542,2464.37207,1.0
17,Gradient Boosting,0.944,0.945233,0.949677,0.944,47,9,243,701,"[[701, 47], [9, 243]]",0.915323,0.000764,0.764458,189.739258,5.0
17,Extra Trees,0.947,0.948247,0.953229,0.947,47,6,246,701,"[[701, 47], [6, 246]]",0.121238,0.007756,7.756416,9489.181641,3.0
17,AdaBoost,0.953,0.954242,0.960388,0.953,47,0,252,701,"[[701, 47], [0, 252]]",0.180892,0.002856,2.856042,27.262695,1.0
17,Decision Tree,0.947,0.948194,0.95278,0.947,46,7,245,702,"[[702, 46], [7, 245]]",0.009727,7.2e-05,0.071958,4.927734,4.0
17,SVM (RBF),0.928,0.929208,0.932144,0.928,50,22,230,698,"[[698, 50], [22, 230]]",0.316441,0.023866,23.86625,121.072266,7.0
17,K-Nearest Neighbors,0.896,0.896914,0.898247,0.896,59,45,207,689,"[[689, 59], [45, 207]]",0.001042,0.033922,33.922416,564.831055,9.0
17,Logistic Regression,0.926,0.926286,0.926655,0.926,40,34,218,708,"[[708, 40], [34, 218]]",0.003843,0.000111,0.110791,0.761719,8.0
17,Gaussian Naive Bayes,0.929,0.931384,0.942032,0.929,67,4,248,681,"[[681, 67], [4, 248]]",0.000609,0.000125,0.12475,0.984375,6.0
18,Random Forest,0.95,0.951392,0.958278,0.95,50,0,252,698,"[[698, 50], [0, 252]]",0.269907,0.0054,5.40025,2492.81543,1.0
18,Gradient Boosting,0.949,0.950396,0.957069,0.949,50,1,251,698,"[[698, 50], [1, 251]]",0.924338,0.000782,0.781625,192.833008,3.0
18,Extra Trees,0.938,0.939489,0.944834,0.938,52,10,242,696,"[[696, 52], [10, 242]]",0.120143,0.007411,7.410833,9417.619141,5.0
18,AdaBoost,0.95,0.951392,0.958278,0.95,50,0,252,698,"[[698, 50], [0, 252]]",0.178387,0.002858,2.857708,27.262695,1.0
18,Decision Tree,0.946,0.94735,0.952971,0.946,49,5,247,699,"[[699, 49], [5, 247]]",0.009678,7.3e-05,0.073291,5.708984,4.0
18,SVM (RBF),0.926,0.927478,0.931467,0.926,54,20,232,694,"[[694, 54], [20, 232]]",0.31418,0.023219,23.2195,119.267578,7.0
18,K-Nearest Neighbors,0.899,0.900185,0.902138,0.899,60,41,211,688,"[[688, 60], [41, 211]]",0.001037,0.03327,33.270208,564.831055,9.0
18,Logistic Regression,0.928,0.928719,0.930015,0.928,44,28,224,704,"[[704, 44], [28, 224]]",0.003719,8e-05,0.080166,0.761719,6.0
18,Gaussian Naive Bayes,0.924,0.926708,0.9389,0.924,72,4,248,676,"[[676, 72], [4, 248]]",0.000588,0.00012,0.119666,0.984375,8.0
19,Random Forest,0.952,0.953246,0.95919,0.952,47,1,251,701,"[[701, 47], [1, 251]]",0.264689,0.005224,5.224459,2537.1875,2.0
19,Gradient Boosting,0.952,0.953246,0.95919,0.952,47,1,251,701,"[[701, 47], [1, 251]]",0.937565,0.000772,0.771792,191.426758,2.0
19,Extra Trees,0.942,0.943097,0.946489,0.942,45,13,239,703,"[[703, 45], [13, 239]]",0.122606,0.00762,7.619625,9568.869141,5.0
19,AdaBoost,0.953,0.954242,0.960388,0.953,47,0,252,701,"[[701, 47], [0, 252]]",0.180534,0.002846,2.846333,27.262695,1.0
19,Decision Tree,0.944,0.945118,0.948826,0.944,45,11,241,703,"[[703, 45], [11, 241]]",0.009751,8e-05,0.080083,7.583984,4.0
19,SVM (RBF),0.929,0.92975,0.931153,0.929,44,27,225,704,"[[704, 44], [27, 225]]",0.316429,0.023242,23.241916,120.298828,7.0
19,K-Nearest Neighbors,0.901,0.901569,0.902314,0.901,54,45,207,694,"[[694, 54], [45, 207]]",0.001008,0.034464,34.463625,564.831055,9.0
19,Logistic Regression,0.915,0.915056,0.915114,0.915,43,42,210,705,"[[705, 43], [42, 210]]",0.003845,7.9e-05,0.079208,0.761719,8.0
19,Gaussian Naive Bayes,0.932,0.934078,0.942787,0.932,62,6,246,686,"[[686, 62], [6, 246]]",0.000601,0.000119,0.119083,0.984375,6.0
